Question ID,Title,Link,Extract_time
76261546,Why do none of the major compilers optimize this conditional store that checks if the value is already set?,https://stackoverflow.com/questions/76261546/why-do-none-of-the-major-compilers-optimize-this-conditional-store-that-checks-i,2023-05-26 14:06:09.211828
76107976,“vagrant” will damage your computer. | macOS v12 (Monterey) #13132,https://stackoverflow.com/questions/76107976/vagrant-will-damage-your-computer-macos-v12-monterey-13132,2023-05-26 14:06:09.211828
76142428,Unexpected uint64 behaviour 0xFFFF&#39;FFFF&#39;FFFF&#39;FFFF - 1 = 0?,https://stackoverflow.com/questions/76142428/unexpected-uint64-behaviour-0xffffffffffffffff-1-0,2023-05-26 14:06:09.211828
76245752,What is the use of zero offset in fseek() function with SEEK_CUR?,https://stackoverflow.com/questions/76245752/what-is-the-use-of-zero-offset-in-fseek-function-with-seek-cur,2023-05-26 14:06:09.211828
76253524,Why is the (virtual) destructor of the derived class not called when deleting an array through a pointer to the base class?,https://stackoverflow.com/questions/76253524/why-is-the-virtual-destructor-of-the-derived-class-not-called-when-deleting-an,2023-05-26 14:06:09.211828
76207304,Is the `this` argument evaluated before or after other member function arguments?,https://stackoverflow.com/questions/76207304/is-the-this-argument-evaluated-before-or-after-other-member-function-arguments,2023-05-26 14:06:09.211828
76175361,"Firebase Authentication: &#39;HTTPResponse&#39; object has no attribute &#39;strict&#39;, status: error",https://stackoverflow.com/questions/76175361/firebase-authentication-httpresponse-object-has-no-attribute-strict-status,2023-05-26 14:06:09.211828
76129509,Terraform will damage your computer on macOS Intel,https://stackoverflow.com/questions/76129509/terraform-will-damage-your-computer-on-macos-intel,2023-05-26 14:06:09.211828
76111818,Why does std::vector CTAD accept both int and double?,https://stackoverflow.com/questions/76111818/why-does-stdvector-ctad-accept-both-int-and-double,2023-05-26 14:06:09.211828
76159439,job failing with ERROR: gcloud crashed (AttributeError): &#39;bool&#39; object has no attribute &#39;lower&#39;,https://stackoverflow.com/questions/76159439/job-failing-with-error-gcloud-crashed-attributeerror-bool-object-has-no-at,2023-05-26 14:06:09.211828
76288726,C/C++ warn or prohibit literal string concatenation,https://stackoverflow.com/questions/76288726/c-c-warn-or-prohibit-literal-string-concatenation,2023-05-26 14:06:09.211828
76289350,The presence of both operator == and operator != breaks some concepts,https://stackoverflow.com/questions/76289350/the-presence-of-both-operator-and-operator-breaks-some-concepts,2023-05-26 14:06:09.211828
76311007,What happens when assigning to the underscore pattern?,https://stackoverflow.com/questions/76311007/what-happens-when-assigning-to-the-underscore-pattern,2023-05-26 14:06:09.211828
76187256,"ImportError: urllib3 v2.0 only supports OpenSSL 1.1.1+, currently the &#39;ssl&#39; module is compiled with LibreSSL 2.8.3",https://stackoverflow.com/questions/76187256/importerror-urllib3-v2-0-only-supports-openssl-1-1-1-currently-the-ssl-modu,2023-05-26 14:06:09.211828
76323477,Does reading to another variant member of a union that has the same type as the active variant cause UB?,https://stackoverflow.com/questions/76323477/does-reading-to-another-variant-member-of-a-union-that-has-the-same-type-as-the,2023-05-26 14:06:09.211828
76139440,"`is_always_lock_free` gives `true` but `is_lock_free()` gives `false` on macOS, why?",https://stackoverflow.com/questions/76139440/is-always-lock-free-gives-true-but-is-lock-free-gives-false-on-macos,2023-05-26 14:06:09.211828
76175487,Sudden ImportError: cannot import name &#39;appengine&#39; from &#39;requests.packages.urllib3.contrib error on pipeline,https://stackoverflow.com/questions/76175487/sudden-importerror-cannot-import-name-appengine-from-requests-packages-urlli,2023-05-26 14:06:09.211828
76222082,Noexcept-specification in the std::vector&#39;s swap function,https://stackoverflow.com/questions/76222082/noexcept-specification-in-the-stdvectors-swap-function,2023-05-26 14:06:09.211828
76224743,How can I create a box with an angle one side and rounded corners via CSS?,https://stackoverflow.com/questions/76224743/how-can-i-create-a-box-with-an-angle-one-side-and-rounded-corners-via-css,2023-05-26 14:06:09.211828
76219480,Is every null pointer constant a null pointer?,https://stackoverflow.com/questions/76219480/is-every-null-pointer-constant-a-null-pointer,2023-05-26 14:06:09.211828
76279945,How to stop LLVM from transforming bit-masking into a branch?,https://stackoverflow.com/questions/76279945/how-to-stop-llvm-from-transforming-bit-masking-into-a-branch,2023-05-26 14:06:09.211828
76323736,Why does std::optional::value_or() take a U&amp;&amp; rather than T&amp;&amp;?,https://stackoverflow.com/questions/76323736/why-does-stdoptionalvalue-or-take-a-u-rather-than-t,2023-05-26 14:06:09.211828
76158705,What is the rationale for allowing to assign a new struct value to self?,https://stackoverflow.com/questions/76158705/what-is-the-rationale-for-allowing-to-assign-a-new-struct-value-to-self,2023-05-26 14:06:09.211828
76217280,Why is a std::move of a value from a const std::optional possible?,https://stackoverflow.com/questions/76217280/why-is-a-stdmove-of-a-value-from-a-const-stdoptional-possible,2023-05-26 14:06:09.211828
76225585,"Why is std::array&lt;T,0&gt; sized and aligned according to T in libc++?",https://stackoverflow.com/questions/76225585/why-is-stdarrayt-0-sized-and-aligned-according-to-t-in-libc,2023-05-26 14:06:09.211828
76307898,new A[0]: Initialization of zero-size array with dynamic storage duration for a class with inaccessible constructor,https://stackoverflow.com/questions/76307898/new-a0-initialization-of-zero-size-array-with-dynamic-storage-duration-for-a,2023-05-26 14:06:09.211828
76108428,How do I fix &#39;namespace not specified&#39; error in Android Studio?,https://stackoverflow.com/questions/76108428/how-do-i-fix-namespace-not-specified-error-in-android-studio,2023-05-26 14:06:09.211828
76120975,Race condition between signal handling and fork(),https://stackoverflow.com/questions/76120975/race-condition-between-signal-handling-and-fork,2023-05-26 14:06:09.211828
76152801,Argument names of Arithmetic Operators,https://stackoverflow.com/questions/76152801/argument-names-of-arithmetic-operators,2023-05-26 14:06:09.211828
76160601,Write own / custom pipe operator,https://stackoverflow.com/questions/76160601/write-own-custom-pipe-operator,2023-05-26 14:06:09.211828
76222099,How to find the maximum number of unique unit fractions that sum up to one,https://stackoverflow.com/questions/76222099/how-to-find-the-maximum-number-of-unique-unit-fractions-that-sum-up-to-one,2023-05-26 14:06:09.211828
76235315,Issues with nullable reference types for arrays of arrays,https://stackoverflow.com/questions/76235315/issues-with-nullable-reference-types-for-arrays-of-arrays,2023-05-26 14:06:09.211828
76291482,How does the compiler allocate memory for conditionally declared automatic variables in C++?,https://stackoverflow.com/questions/76291482/how-does-the-compiler-allocate-memory-for-conditionally-declared-automatic-varia,2023-05-26 14:06:09.211828
76308950,Should the order of template arguments matter when they are all deduced?,https://stackoverflow.com/questions/76308950/should-the-order-of-template-arguments-matter-when-they-are-all-deduced,2023-05-26 14:06:09.211828
76111316,What are benefits of @Immutable on a data class?,https://stackoverflow.com/questions/76111316/what-are-benefits-of-immutable-on-a-data-class,2023-05-26 14:06:09.211828
76162376,O(1) find/contains in std::ranges::views::iota,https://stackoverflow.com/questions/76162376/o1-find-contains-in-stdrangesviewsiota,2023-05-26 14:06:09.211828
76198828,why are my dots rendering outside my oval circle?,https://stackoverflow.com/questions/76198828/why-are-my-dots-rendering-outside-my-oval-circle,2023-05-26 14:06:09.211828
76279969,Why the pointy block with Match in for loop output Nil?,https://stackoverflow.com/questions/76279969/why-the-pointy-block-with-match-in-for-loop-output-nil,2023-05-26 14:06:09.211828
76285217,How to configure Spark to adjust the number of output partitions after a join or groupby?,https://stackoverflow.com/questions/76285217/how-to-configure-spark-to-adjust-the-number-of-output-partitions-after-a-join-or,2023-05-26 14:06:09.211828
76304300,Attribute to enforce padding after a variable?,https://stackoverflow.com/questions/76304300/attribute-to-enforce-padding-after-a-variable,2023-05-26 14:06:09.211828
76109982,Installing specific version of NodeJS and NPM on Alpine docker image,https://stackoverflow.com/questions/76109982/installing-specific-version-of-nodejs-and-npm-on-alpine-docker-image,2023-05-26 14:06:09.211828
76165949,How do I maintain a live video stream playing if I change tabs in Chrome?,https://stackoverflow.com/questions/76165949/how-do-i-maintain-a-live-video-stream-playing-if-i-change-tabs-in-chrome,2023-05-26 14:06:09.211828
76192770,Is there a way to consume request.body multiple times in Cro?,https://stackoverflow.com/questions/76192770/is-there-a-way-to-consume-request-body-multiple-times-in-cro,2023-05-26 14:06:09.211828
76217910,When is it necessary or meaningful to write &amp;f for a function f or *fp for a function pointer fp (except in: sizeof &amp;f)?,https://stackoverflow.com/questions/76217910/when-is-it-necessary-or-meaningful-to-write-f-for-a-function-f-or-fp-for-a-fun,2023-05-26 14:06:09.211828
76225595,NameError: name &#39;PartialState&#39; is not defined error while training hugging face wave2vec model,https://stackoverflow.com/questions/76225595/nameerror-name-partialstate-is-not-defined-error-while-training-hugging-face,2023-05-26 14:06:09.211828
76233340,Why does my Cortex-M4 assembly run slower than predicted?,https://stackoverflow.com/questions/76233340/why-does-my-cortex-m4-assembly-run-slower-than-predicted,2023-05-26 14:06:09.211828
76271588,How to restrict usage of specific Drawables in a custom design system?,https://stackoverflow.com/questions/76271588/how-to-restrict-usage-of-specific-drawables-in-a-custom-design-system,2023-05-26 14:06:09.211828
76297553,Why are generators so much slower than an iterable class?,https://stackoverflow.com/questions/76297553/why-are-generators-so-much-slower-than-an-iterable-class,2023-05-26 14:06:09.211828
76313592,import langchain =&gt; Error : TypeError: issubclass() arg 1 must be a class,https://stackoverflow.com/questions/76313592/import-langchain-error-typeerror-issubclass-arg-1-must-be-a-class,2023-05-26 14:06:09.211828
76320091,What thread does swift Combine `.collect` method emit on?,https://stackoverflow.com/questions/76320091/what-thread-does-swift-combine-collect-method-emit-on,2023-05-26 14:06:09.211828
76326242,GCC compiler produces error: invalid use of member function while CLang compiler does NOT,https://stackoverflow.com/questions/76326242/gcc-compiler-produces-error-invalid-use-of-member-function-while-clang-compiler,2023-05-26 14:06:09.211828
76113068,Excel formula to get last non-empty cell value from a group of disjoint cells,https://stackoverflow.com/questions/76113068/excel-formula-to-get-last-non-empty-cell-value-from-a-group-of-disjoint-cells,2023-05-26 14:06:09.211828
76113351,"Given two objects of different types and their relative location in memory, can I derive a pointer to one object from a pointer to the other?",https://stackoverflow.com/questions/76113351/given-two-objects-of-different-types-and-their-relative-location-in-memory-can,2023-05-26 14:06:09.211828
76115756,Parse a keystore file and get values of &quot;Alias name&quot; &amp; &quot;Expiry date&quot;,https://stackoverflow.com/questions/76115756/parse-a-keystore-file-and-get-values-of-alias-name-expiry-date,2023-05-26 14:06:09.211828
76136457,What functions on lists satisfy a law with concat?,https://stackoverflow.com/questions/76136457/what-functions-on-lists-satisfy-a-law-with-concat,2023-05-26 14:06:09.211828
76152193,Find indices of nan elements in nested lists and remove them,https://stackoverflow.com/questions/76152193/find-indices-of-nan-elements-in-nested-lists-and-remove-them,2023-05-26 14:06:09.211828
76152460,AutoFilter for cells contains exactly specific number,https://stackoverflow.com/questions/76152460/autofilter-for-cells-contains-exactly-specific-number,2023-05-26 14:06:09.211828
76164938,Why the height of bottom app bar grow significantly when displaying content edge-to-edge?,https://stackoverflow.com/questions/76164938/why-the-height-of-bottom-app-bar-grow-significantly-when-displaying-content-edge,2023-05-26 14:06:09.211828
76174898,Type-checking a pattern match that panics,https://stackoverflow.com/questions/76174898/type-checking-a-pattern-match-that-panics,2023-05-26 14:06:09.211828
76176218,How to summarise a dataframe retaining all the columns,https://stackoverflow.com/questions/76176218/how-to-summarise-a-dataframe-retaining-all-the-columns,2023-05-26 14:06:09.211828
76187211,&quot;Warning: the ECDSA host key for &#39;github.com&#39; differs from the key for the IP address&quot; issue,https://stackoverflow.com/questions/76187211/warning-the-ecdsa-host-key-for-github-com-differs-from-the-key-for-the-ip-ad,2023-05-26 14:06:09.211828
76189413,"Does spark read the same file twice, if two stages are using the same DataFrame?",https://stackoverflow.com/questions/76189413/does-spark-read-the-same-file-twice-if-two-stages-are-using-the-same-dataframe,2023-05-26 14:06:09.211828
76206682,"Why does Jetpack Compose provide separate button types like OutlinedButton, TextButton and Button?",https://stackoverflow.com/questions/76206682/why-does-jetpack-compose-provide-separate-button-types-like-outlinedbutton-text,2023-05-26 14:06:09.211828
76208490,Understanding infinite list of lists with list comprehension and recursion,https://stackoverflow.com/questions/76208490/understanding-infinite-list-of-lists-with-list-comprehension-and-recursion,2023-05-26 14:06:09.211828
76221322,Exec fails when applied to a code with a new type,https://stackoverflow.com/questions/76221322/exec-fails-when-applied-to-a-code-with-a-new-type,2023-05-26 14:06:09.211828
76224848,What is the correct return type replacement for JSX.Element after the global JSX namespace has been deprecated?,https://stackoverflow.com/questions/76224848/what-is-the-correct-return-type-replacement-for-jsx-element-after-the-global-jsx,2023-05-26 14:06:09.211828
76233708,Where does `__assert` come from?,https://stackoverflow.com/questions/76233708/where-does-assert-come-from,2023-05-26 14:06:09.211828
76234738,Why Assert.Equal two different JObject(Newtonsoft.Json.Linq.JObject) got pass,https://stackoverflow.com/questions/76234738/why-assert-equal-two-different-jobjectnewtonsoft-json-linq-jobject-got-pass,2023-05-26 14:06:09.211828
76246502,how to bold a text in message template in format string c#,https://stackoverflow.com/questions/76246502/how-to-bold-a-text-in-message-template-in-format-string-c,2023-05-26 14:06:09.211828
76252691,Where do you set the &quot;maven.plugin.validation&quot; property?,https://stackoverflow.com/questions/76252691/where-do-you-set-the-maven-plugin-validation-property,2023-05-26 14:06:09.211828
76290771,Results not reproducible between runs despite seeds being set,https://stackoverflow.com/questions/76290771/results-not-reproducible-between-runs-despite-seeds-being-set,2023-05-26 14:06:09.211828
76107450,Flask AttributeError: module &#39;flask.json&#39; has no attribute &#39;JSONEncoder&#39;,https://stackoverflow.com/questions/76107450/flask-attributeerror-module-flask-json-has-no-attribute-jsonencoder,2023-05-26 14:06:09.211828
76110267,Firestore warning on filtering with positional arguments. How to use &#39;filter&#39; kwarg in Firestore queries?,https://stackoverflow.com/questions/76110267/firestore-warning-on-filtering-with-positional-arguments-how-to-use-filter-kw,2023-05-26 14:06:09.211828
76110747,Connect dodged points per subject in grouped boxplot,https://stackoverflow.com/questions/76110747/connect-dodged-points-per-subject-in-grouped-boxplot,2023-05-26 14:06:09.211828
76119400,PySpark remove duplicated messages within a 24h window after an initial new value,https://stackoverflow.com/questions/76119400/pyspark-remove-duplicated-messages-within-a-24h-window-after-an-initial-new-valu,2023-05-26 14:06:09.211828
76120833,Friend member function compiles in GCC but not in Clang or MSVC,https://stackoverflow.com/questions/76120833/friend-member-function-compiles-in-gcc-but-not-in-clang-or-msvc,2023-05-26 14:06:09.211828
76129007,Pytube keyerror &#39;streamData&#39; while downloading a video,https://stackoverflow.com/questions/76129007/pytube-keyerror-streamdata-while-downloading-a-video,2023-05-26 14:06:09.211828
76151342,How do I conceal RakuDoc (POD6) contents in vim?,https://stackoverflow.com/questions/76151342/how-do-i-conceal-rakudoc-pod6-contents-in-vim,2023-05-26 14:06:09.211828
76153797,"What came first, the destructor or delete() ? C++",https://stackoverflow.com/questions/76153797/what-came-first-the-destructor-or-delete-c,2023-05-26 14:06:09.211828
76155556,How to perfect forward the elements of a function parameter pack in C++,https://stackoverflow.com/questions/76155556/how-to-perfect-forward-the-elements-of-a-function-parameter-pack-in-c,2023-05-26 14:06:09.211828
76158045,Split column list into rows without duplicating data,https://stackoverflow.com/questions/76158045/split-column-list-into-rows-without-duplicating-data,2023-05-26 14:06:09.211828
76170436,Speed up calculation of a special 3-array possible?,https://stackoverflow.com/questions/76170436/speed-up-calculation-of-a-special-3-array-possible,2023-05-26 14:06:09.211828
76173780,What replaces Microsoft.AspNetCore.Http.Abstractions when migrating to .NET 7?,https://stackoverflow.com/questions/76173780/what-replaces-microsoft-aspnetcore-http-abstractions-when-migrating-to-net-7,2023-05-26 14:06:09.211828
76174366,How can I use a progress bar for piped functions in R / tidyverse,https://stackoverflow.com/questions/76174366/how-can-i-use-a-progress-bar-for-piped-functions-in-r-tidyverse,2023-05-26 14:06:09.211828
76178731,"In Rust, how does Weak&lt;T&gt; know when the inner value has been dropped?",https://stackoverflow.com/questions/76178731/in-rust-how-does-weakt-know-when-the-inner-value-has-been-dropped,2023-05-26 14:06:09.211828
76180083,Unable to bundle install &#39;mysql2&#39; on macOS Ventura caused by &#39;ld: library not found for -lzlib&#39;,https://stackoverflow.com/questions/76180083/unable-to-bundle-install-mysql2-on-macos-ventura-caused-by-ld-library-not-fo,2023-05-26 14:06:09.211828
76180655,Shorten number of elements in comma-separated strings by vector,https://stackoverflow.com/questions/76180655/shorten-number-of-elements-in-comma-separated-strings-by-vector,2023-05-26 14:06:09.211828
76183858,Using position sticky with child flex elements causes flicker so using position fixed and Javascript scrollbar position instead,https://stackoverflow.com/questions/76183858/using-position-sticky-with-child-flex-elements-causes-flicker-so-using-position,2023-05-26 14:06:09.211828
76189526,Is using the &lt;math&gt; tag to write chemical equations semantically correct?,https://stackoverflow.com/questions/76189526/is-using-the-math-tag-to-write-chemical-equations-semantically-correct,2023-05-26 14:06:09.211828
76199707,Strange rvalue reference in clang,https://stackoverflow.com/questions/76199707/strange-rvalue-reference-in-clang,2023-05-26 14:06:09.211828
76214764,Why does C++ rounding behavior (for compile-time constants) change if math is moved to an inline function?,https://stackoverflow.com/questions/76214764/why-does-c-rounding-behavior-for-compile-time-constants-change-if-math-is-mo,2023-05-26 14:06:09.211828
76216979,npm ERR! Cannot read properties of null (reading &#39;edgesOut&#39;) when npm i styled-components,https://stackoverflow.com/questions/76216979/npm-err-cannot-read-properties-of-null-reading-edgesout-when-npm-i-styled-c,2023-05-26 14:06:09.211828
76231412,What are causes of &quot;Largest Contentful Paint element Error!&quot; in PageSpeed Insights?,https://stackoverflow.com/questions/76231412/what-are-causes-of-largest-contentful-paint-element-error-in-pagespeed-insigh,2023-05-26 14:06:09.211828
76235194,The class &#39;PreferredSizeWidget&#39; can&#39;t be used as a mixin because it&#39;s neither a mixin class nor a mixin,https://stackoverflow.com/questions/76235194/the-class-preferredsizewidget-cant-be-used-as-a-mixin-because-its-neither-a,2023-05-26 14:06:09.211828
76236718,StackOverflowError: stack size 8MB from Accessibility of Compose,https://stackoverflow.com/questions/76236718/stackoverflowerror-stack-size-8mb-from-accessibility-of-compose,2023-05-26 14:06:09.211828
76239922,Dynamically create editable DT in shiny app,https://stackoverflow.com/questions/76239922/dynamically-create-editable-dt-in-shiny-app,2023-05-26 14:06:09.211828
76244818,Inconsistent output of class variables using std::cout,https://stackoverflow.com/questions/76244818/inconsistent-output-of-class-variables-using-stdcout,2023-05-26 14:06:09.211828
76247741,VSCode debug &lt;optimized out&gt;,https://stackoverflow.com/questions/76247741/vscode-debug-optimized-out,2023-05-26 14:06:09.211828
76248589,How do I smartmatch against a list of values with when inside a given block in Raku?,https://stackoverflow.com/questions/76248589/how-do-i-smartmatch-against-a-list-of-values-with-when-inside-a-given-block-in-r,2023-05-26 14:06:09.211828
76262086,Reduce callback nesting in cypress,https://stackoverflow.com/questions/76262086/reduce-callback-nesting-in-cypress,2023-05-26 14:06:09.211828
